{"cameraMode":{"drawMode":0,"name":"Shaded","section":"Shading Mode"},"sceneLighting":true,"audioPlay":false,"sceneViewState":{"m_AlwaysRefresh":false,"showFog":true,"showSkybox":true,"showFlares":true,"showImageEffects":true,"showParticleSystems":true,"showVisualEffectGraphs":true,"m_FxEnabled":true},"in2DMode":false,"pivot":{"x":-28.145265579223634,"y":26.67953109741211,"z":1.6872305870056153},"rotation":{"x":0.2345038652420044,"y":-0.18122132122516633,"z":0.04154069721698761,"w":0.9547629356384277},"size":18.65624237060547,"orthographic":false}