{"cameraMode":{"drawMode":0,"name":"Shaded","section":"Shading Mode"},"sceneLighting":true,"audioPlay":false,"sceneViewState":{"m_AlwaysRefresh":false,"showFog":true,"showSkybox":true,"showFlares":true,"showImageEffects":true,"showParticleSystems":true,"showVisualEffectGraphs":true,"m_FxEnabled":true},"in2DMode":false,"pivot":{"x":-2.417581796646118,"y":-0.04614216834306717,"z":-20.106496810913087},"rotation":{"x":-0.0014447320718318225,"y":0.9976755380630493,"z":-0.07075870037078858,"w":-0.010114680975675583},"size":25.311561584472658,"orthographic":false}