{"cameraMode":{"drawMode":0,"name":"Shaded","section":"Shading Mode"},"sceneLighting":true,"audioPlay":false,"sceneViewState":{"m_AlwaysRefresh":false,"showFog":true,"showSkybox":true,"showFlares":true,"showImageEffects":true,"showParticleSystems":true,"showVisualEffectGraphs":true,"m_FxEnabled":true},"in2DMode":false,"pivot":{"x":-4.580360412597656,"y":0.38402557373046877,"z":-18.363750457763673},"rotation":{"x":-0.07220885157585144,"y":-0.9247460961341858,"z":0.2826307415962219,"w":-0.24697169661521913},"size":33.366065979003909,"orthographic":false}